{"local_f1": 0.5893019038984587, "global_f1": 0.9315508021390375, "global_l1": 0.46267011761665344}