{"local_f1": 0.35952063914780297, "global_f1": 0.9944695827048768, "global_l1": 0.14567187428474426}